E,I,j
V,uA,uA cm-2
0.069701,-1.1588,-3.01143451143451
0.070216,-0.095595,-0.248427754677755
0.072021,-0.031161,-0.0809797297297297
0.072601,0.4521,1.17489604989605
0.07331,-0.12781,-0.33214656964657
0.07447,-0.031161,-0.0809797297297297
0.075437,-0.095595,-0.248427754677755
0.076145,-1.1588,-3.01143451143451
0.07737,-0.063378,-0.164703742203742
0.078014,0.19436,0.505093555093555
0.07853,1.1287,2.93321205821206
0.080463,-0.063378,-0.164703742203742
0.080528,-0.031161,-0.0809797297297297
0.081881,0.77427,2.01213617463617
0.082268,-0.35333,-0.918217255717256
0.083234,0.033273,0.0864682952182952
0.084008,-0.12781,-0.33214656964657
0.085941,0.16214,0.421361746361746
0.085941,-0.54663,-1.42055613305613
0.087423,-0.063378,-0.164703742203742
0.08839,0.38766,1.00743243243243
0.088841,-0.22446,-0.583316008316008
0.09013,0.22658,0.588825363825364
0.091032,0.22658,0.588825363825364
0.09187,0.29101,0.756262993762994
0.092965,0.12992,0.337629937629938
0.094061,0.41988,1.09116424116424
0.094963,-0.57885,-1.50428794178794
0.095221,-0.16003,-0.415878378378378
0.096252,0.8387,2.1795738045738
0.097283,0.097708,0.253918918918919
0.097992,-0.44998,-1.16938669438669
0.099281,0.41988,1.09116424116424
0.099861,-0.38555,-1.00194906444906
0.10109,-0.2889,-0.750779625779626
0.10225,0.12992,0.337629937629938
0.10353,0.16214,0.421361746361746
0.10392,-0.16003,-0.415878378378378
0.10431,-0.61107,-1.58801975051975
0.10579,-0.063378,-0.164703742203742
0.10598,-0.32111,-0.834485446985447
0.1074,0.41988,1.09116424116424
0.1083,0.32323,0.839994802494803
0.10908,0.097708,0.253918918918919
0.11017,-0.16003,-0.415878378378378
0.11107,-0.16003,-0.415878378378378
0.11262,-0.35333,-0.918217255717256
0.11294,-0.095595,-0.248427754677755
0.11352,-0.22446,-0.583316008316008
0.11513,0.41988,1.09116424116424
0.11539,-0.095595,-0.248427754677755
0.11662,0.097708,0.253918918918919
0.11745,0.41988,1.09116424116424
0.11881,0.35544,0.923700623700624
0.1201,0.19436,0.505093555093555
0.12055,0.12992,0.337629937629938
0.12087,-1.1588,-3.01143451143451
0.12274,0.67762,1.76096673596674
0.12209,-0.2889,-0.750779625779626
0.12383,-0.38555,-1.00194906444906
0.12493,-0.25668,-0.667047817047817
0.12499,-0.57885,-1.50428794178794
0.12815,0.22658,0.588825363825364
0.12712,-0.32111,-0.834485446985447
0.12873,0.12992,0.337629937629938
0.12918,-0.16003,-0.415878378378378
0.13002,-0.54663,-1.42055613305613
0.13176,0.4521,1.17489604989605
0.13241,0.48431,1.25860187110187
0.13286,-0.19225,-0.499610187110187
0.13382,1.5797,4.10524948024948
0.13537,0.0010563,0.00274506237006237
0.13653,0.77427,2.01213617463617
0.13698,-0.64329,-1.67175155925156
0.13756,0.19436,0.505093555093555
0.1393,0.41988,1.09116424116424
0.13924,-0.22446,-0.583316008316008
0.14014,0.12992,0.337629937629938
0.14104,-0.12781,-0.33214656964657
0.1422,-0.031161,-0.0809797297297297
0.14407,0.033273,0.0864682952182952
0.14471,0.12992,0.337629937629938
0.14504,0.32323,0.839994802494803
0.14587,0.16214,0.421361746361746
0.14684,-0.44998,-1.16938669438669
0.14794,-0.031161,-0.0809797297297297
0.14916,0.48431,1.25860187110187
0.15045,0.4521,1.17489604989605
0.15084,0.48431,1.25860187110187
0.15174,0.38766,1.00743243243243
0.15264,-0.031161,-0.0809797297297297
0.15271,0.22658,0.588825363825364
0.15412,-0.32111,-0.834485446985447
0.15483,0.16214,0.421361746361746
0.15586,-0.64329,-1.67175155925156
0.15715,-0.44998,-1.16938669438669
0.15793,-0.35333,-0.918217255717256
0.15889,-0.031161,-0.0809797297297297
0.16012,-0.51442,-1.33685031185031
0.16083,-0.25668,-0.667047817047817
0.16237,0.48431,1.25860187110187
0.16186,-0.70772,-1.83918918918919
0.16431,0.67762,1.76096673596674
0.16424,-0.22446,-0.583316008316008
0.16592,0.51653,1.34233367983368
0.1663,-0.19225,-0.499610187110187
0.16682,-0.19225,-0.499610187110187
0.16849,0.097708,0.253918918918919
0.16927,0.41988,1.09116424116424
0.17023,-0.41777,-1.08568087318087
0.17139,1.032,2.68191268191268
0.17107,-0.12781,-0.33214656964657
0.1732,-0.2889,-0.750779625779626
0.17468,0.32323,0.839994802494803
0.17442,-0.90102,-2.34152806652807
0.17636,-0.64329,-1.67175155925156
0.17713,0.41988,1.09116424116424
0.17707,-0.22446,-0.583316008316008
0.17777,-0.031161,-0.0809797297297297
0.17939,0.61318,1.59350311850312
0.18009,0.38766,1.00743243243243
0.18048,0.12992,0.337629937629938
0.18209,0.35544,0.923700623700624
0.1828,0.12992,0.337629937629938
0.18383,0.51653,1.34233367983368
0.18467,0.16214,0.421361746361746
0.18602,0.0010563,0.00274506237006237
0.18628,-0.32111,-0.834485446985447
0.18738,-0.19225,-0.499610187110187
0.18879,0.4521,1.17489604989605
0.18912,0.12992,0.337629937629938
0.19086,0.12992,0.337629937629938
0.1915,0.54875,1.42606548856549
0.19273,0.35544,0.923700623700624
0.19324,0.25879,0.672531185031185
0.19395,0.4521,1.17489604989605
0.19543,0.32323,0.839994802494803
0.19582,-0.77215,-2.00662681912682
0.19717,-0.41777,-1.08568087318087
0.19788,0.25879,0.672531185031185
0.19898,0.12992,0.337629937629938
0.19962,0.38766,1.00743243243243
0.20046,0.41988,1.09116424116424
0.20168,0.58096,1.50977130977131
0.20181,1.032,2.68191268191268
0.20271,0.16214,0.421361746361746
0.20407,0.32323,0.839994802494803
0.20433,0.16214,0.421361746361746
0.20652,0.22658,0.588825363825364
0.20684,-0.031161,-0.0809797297297297
0.20909,0.61318,1.59350311850312
0.20864,0.4521,1.17489604989605
0.20987,0.065491,0.170194906444906
0.21116,-0.35333,-0.918217255717256
0.21174,-0.32111,-0.834485446985447
0.21238,0.38766,1.00743243243243
0.21393,0.065491,0.170194906444906
0.21419,0.12992,0.337629937629938
0.21535,0.29101,0.756262993762994
0.21567,-0.12781,-0.33214656964657
0.21741,0.41988,1.09116424116424
0.21857,0.033273,0.0864682952182952
0.21895,0.35544,0.923700623700624
0.21986,-0.063378,-0.164703742203742
0.22037,-0.4822,-1.2531185031185
0.22173,0.35544,0.923700623700624
0.22295,0.41988,1.09116424116424
0.22359,-0.77215,-2.00662681912682
0.22508,0.19436,0.505093555093555
0.22591,0.19436,0.505093555093555
0.22695,0.32323,0.839994802494803
0.22759,0.51653,1.34233367983368
0.22772,-0.44998,-1.16938669438669
0.22914,0.35544,0.923700623700624
0.22991,0.25879,0.672531185031185
0.23068,0.16214,0.421361746361746
0.23217,0.12992,0.337629937629938
0.23178,-0.38555,-1.00194906444906
0.23339,0.74205,1.92840436590437
0.2341,-0.2889,-0.750779625779626
0.23539,-0.44998,-1.16938669438669
0.23648,0.41988,1.09116424116424
0.23771,0.19436,0.505093555093555
0.23784,0.16214,0.421361746361746
0.23925,-0.22446,-0.583316008316008
0.24022,0.033273,0.0864682952182952
0.24112,0.6454,1.67723492723493
0.24164,0.19436,0.505093555093555
0.24261,0.6454,1.67723492723493
0.24409,-0.19225,-0.499610187110187
0.24486,-0.2889,-0.750779625779626
0.24609,0.4521,1.17489604989605
0.24589,-0.38555,-1.00194906444906
0.24712,-0.32111,-0.834485446985447
0.24796,-0.86881,-2.25782224532225
0.24931,-0.35333,-0.918217255717256
0.25028,-0.19225,-0.499610187110187
0.25053,0.58096,1.50977130977131
0.25221,0.097708,0.253918918918919
0.25279,-0.35333,-0.918217255717256
0.25395,0.19436,0.505093555093555
0.25498,0.0010563,0.00274506237006237
0.25517,-0.12781,-0.33214656964657
0.25666,0.4521,1.17489604989605
0.25807,0.38766,1.00743243243243
0.25865,0.41988,1.09116424116424
0.25936,0.41988,1.09116424116424
0.25981,-0.44998,-1.16938669438669
0.26078,0.033273,0.0864682952182952
0.26207,-0.19225,-0.499610187110187
0.26291,0.96757,2.51447505197505
0.26458,0.41988,1.09116424116424
0.26432,-0.22446,-0.583316008316008
0.26594,0.033273,0.0864682952182952
0.26761,0.32323,0.839994802494803
0.268,0.12992,0.337629937629938
0.26826,0.70983,1.84467255717256
0.26935,0.16214,0.421361746361746
0.27025,-0.32111,-0.834485446985447
0.27167,0.32323,0.839994802494803
0.27251,0.12992,0.337629937629938
0.2738,0.51653,1.34233367983368
0.27373,-0.25668,-0.667047817047817
0.27541,0.58096,1.50977130977131
0.27554,0.16214,0.421361746361746
0.27638,0.12992,0.337629937629938
0.27741,0.033273,0.0864682952182952
0.27831,-0.32111,-0.834485446985447
0.27998,0.25879,0.672531185031185
0.28044,-0.095595,-0.248427754677755
0.28095,0.29101,0.756262993762994
0.28308,0.6454,1.67723492723493
0.28385,0.29101,0.756262993762994
0.2854,0.25879,0.672531185031185
0.2854,0.097708,0.253918918918919
0.28572,0.097708,0.253918918918919
0.28727,0.4521,1.17489604989605
0.28791,-0.38555,-1.00194906444906
0.28862,-0.031161,-0.0809797297297297
0.28946,-0.095595,-0.248427754677755
0.29055,-0.031161,-0.0809797297297297
0.29184,-0.19225,-0.499610187110187
0.29281,0.065491,0.170194906444906
0.29294,-1.1588,-3.01143451143451
0.29448,0.48431,1.25860187110187
0.29539,-0.99767,-2.59269750519751
0.29648,0.38766,1.00743243243243
0.29726,-0.19225,-0.499610187110187
0.29758,0.065491,0.170194906444906
0.29938,0.58096,1.50977130977131
0.29964,0.22658,0.588825363825364
0.30067,-0.22446,-0.583316008316008
0.30196,-0.031161,-0.0809797297297297
0.30273,-0.44998,-1.16938669438669
0.30441,0.35544,0.923700623700624
0.30467,0.29101,0.756262993762994
0.30492,-0.32111,-0.834485446985447
0.30666,0.35544,0.923700623700624
0.30744,0.48431,1.25860187110187
0.30789,-0.063378,-0.164703742203742
0.30931,0.4521,1.17489604989605
0.30982,-0.031161,-0.0809797297297297
0.31143,0.58096,1.50977130977131
0.31111,-0.095595,-0.248427754677755
0.31317,0.065491,0.170194906444906
0.31337,-0.063378,-0.164703742203742
0.31433,-0.2889,-0.750779625779626
0.31627,0.99979,2.59820686070686
0.31627,0.29101,0.756262993762994
0.31768,-0.16003,-0.415878378378378
0.31872,0.58096,1.50977130977131
0.31897,-0.38555,-1.00194906444906
0.32039,-0.32111,-0.834485446985447
0.32155,-0.031161,-0.0809797297297297
0.32207,-0.19225,-0.499610187110187
0.32323,-0.19225,-0.499610187110187
0.32439,-0.031161,-0.0809797297297297
0.32426,-0.19225,-0.499610187110187
0.32626,0.19436,0.505093555093555
0.32626,-0.38555,-1.00194906444906
0.32812,0.67762,1.76096673596674
0.32819,-0.12781,-0.33214656964657
0.32986,0.48431,1.25860187110187
0.33064,0.4521,1.17489604989605
0.3307,-0.19225,-0.499610187110187
0.33225,-0.12781,-0.33214656964657
0.33212,-0.51442,-1.33685031185031
0.33373,0.54875,1.42606548856549
0.33476,-0.25668,-0.667047817047817
0.33547,0.29101,0.756262993762994
0.33631,-0.2889,-0.750779625779626
0.33747,-0.2889,-0.750779625779626
0.33882,0.38766,1.00743243243243
0.33927,-0.031161,-0.0809797297297297
0.33998,-0.16003,-0.415878378378378
0.34159,-0.095595,-0.248427754677755
0.34211,-0.12781,-0.33214656964657
0.34378,-0.57885,-1.50428794178794
0.34404,0.033273,0.0864682952182952
0.34462,-0.32111,-0.834485446985447
0.34649,0.4521,1.17489604989605
0.34668,-0.41777,-1.08568087318087
0.34784,-0.031161,-0.0809797297297297
0.34926,0.70983,1.84467255717256
0.34971,0.19436,0.505093555093555
0.35036,0.25879,0.672531185031185
0.35126,0.38766,1.00743243243243
0.35248,0.41988,1.09116424116424
0.35377,0.25879,0.672531185031185
0.35455,0.38766,1.00743243243243
0.35255,-0.35333,-0.918217255717256
0.35596,0.32323,0.839994802494803
0.357,-0.031161,-0.0809797297297297
0.35816,-0.031161,-0.0809797297297297
0.35693,-0.25668,-0.667047817047817
0.35957,-0.031161,-0.0809797297297297
0.36099,-0.4822,-1.2531185031185
0.36164,-0.73994,-1.922920997921
0.36338,0.41988,1.09116424116424
0.36389,0.35544,0.923700623700624
0.3646,0.32323,0.839994802494803
0.36582,0.38766,1.00743243243243
0.36647,0.8387,2.1795738045738
0.36737,0.41988,1.09116424116424
0.36834,0.38766,1.00743243243243
0.36905,0.065491,0.170194906444906
0.37046,0.54875,1.42606548856549
0.37046,-0.031161,-0.0809797297297297
0.37182,0.80648,2.095841995842
0.37266,0.065491,0.170194906444906
0.37343,0.12992,0.337629937629938
0.37478,0.12992,0.337629937629938
0.3753,-0.031161,-0.0809797297297297
0.37607,0.80648,2.095841995842
0.37749,0.54875,1.42606548856549
0.37807,-0.51442,-1.33685031185031
0.37949,0.74205,1.92840436590437
0.3802,0.12992,0.337629937629938
0.38065,0.54875,1.42606548856549
0.38271,0.097708,0.253918918918919
0.3831,0.25879,0.672531185031185
0.384,0.6454,1.67723492723493
0.38419,-0.12781,-0.33214656964657
0.38542,0.097708,0.253918918918919
0.38625,0.16214,0.421361746361746
0.38664,-0.41777,-1.08568087318087
0.38799,-0.063378,-0.164703742203742
0.38928,0.67762,1.76096673596674
0.39038,0.16214,0.421361746361746
0.39141,0.25879,0.672531185031185
0.39141,-0.51442,-1.33685031185031
0.3927,-0.19225,-0.499610187110187
0.39379,-0.25668,-0.667047817047817
0.39515,0.6454,1.67723492723493
0.39624,0.93535,2.43074324324324
0.39624,-0.22446,-0.583316008316008
0.39856,0.61318,1.59350311850312
0.3985,0.065491,0.170194906444906
0.39972,0.70983,1.84467255717256
0.40011,0.0010563,0.00274506237006237
0.40082,-0.19225,-0.499610187110187
0.40256,0.80648,2.095841995842
0.40275,-0.64329,-1.67175155925156
0.40417,0.16214,0.421361746361746
0.40462,0.097708,0.253918918918919
0.40507,0.25879,0.672531185031185
0.40694,0.77427,2.01213617463617
0.40758,0.70983,1.84467255717256
0.40874,0.54875,1.42606548856549
0.40965,0.22658,0.588825363825364
0.41068,0.70983,1.84467255717256
0.41126,0.065491,0.170194906444906
0.41222,-0.16003,-0.415878378378378
0.41364,0.77427,2.01213617463617
0.41429,0.12992,0.337629937629938
0.415,0.54875,1.42606548856549
0.4157,0.19436,0.505093555093555
0.41648,0.16214,0.421361746361746
0.41764,0.32323,0.839994802494803
0.41912,0.48431,1.25860187110187
0.41989,0.19436,0.505093555093555
0.42144,0.80648,2.095841995842
0.42215,1.0642,2.76559251559252
0.42279,0.0010563,0.00274506237006237
0.42324,0.6454,1.67723492723493
0.4244,0.87092,2.26330561330561
0.42595,0.96757,2.51447505197505
0.42602,0.12992,0.337629937629938
0.42724,0.29101,0.756262993762994
0.42756,0.19436,0.505093555093555
0.42892,0.22658,0.588825363825364
0.42995,0.74205,1.92840436590437
0.43091,0.25879,0.672531185031185
0.43111,-0.19225,-0.499610187110187
0.43246,0.67762,1.76096673596674
0.43317,-0.35333,-0.918217255717256
0.43433,0.29101,0.756262993762994
0.43542,-0.22446,-0.583316008316008
0.43568,-0.70772,-1.83918918918919
0.43749,-0.4822,-1.2531185031185
0.43794,-0.25668,-0.667047817047817
0.43878,0.51653,1.34233367983368
0.44045,0.8387,2.1795738045738
0.44129,0.38766,1.00743243243243
0.442,0.77427,2.01213617463617
0.44245,0.19436,0.505093555093555
0.44393,1.2253,3.18425155925156
0.44451,0.96757,2.51447505197505
0.44612,0.96757,2.51447505197505
0.44657,1.1931,3.10057172557173
0.44703,0.12992,0.337629937629938
0.4478,0.12992,0.337629937629938
0.4496,0.6454,1.67723492723493
0.45089,0.96757,2.51447505197505
0.45083,0.61318,1.59350311850312
0.45218,-0.32111,-0.834485446985447
0.45302,0.35544,0.923700623700624
0.45379,1.032,2.68191268191268
0.45392,0.22658,0.588825363825364
0.45515,0.74205,1.92840436590437
0.45656,0.033273,0.0864682952182952
0.45689,0.065491,0.170194906444906
0.45888,1.3542,3.51923076923077
0.45933,0.61318,1.59350311850312
0.4603,0.70983,1.84467255717256
0.46075,1.483,3.8539501039501
0.46146,-0.063378,-0.164703742203742
0.46288,0.99979,2.59820686070686
0.4632,0.61318,1.59350311850312
0.46443,0.033273,0.0864682952182952
0.46539,0.32323,0.839994802494803
0.467,0.22658,0.588825363825364
0.46758,0.41988,1.09116424116424
0.46855,1.0642,2.76559251559252
0.4699,0.77427,2.01213617463617
0.47061,1.2897,3.35161122661123
0.47119,-0.19225,-0.499610187110187
0.47216,0.51653,1.34233367983368
0.47261,-0.16003,-0.415878378378378
0.47454,0.25879,0.672531185031185
0.47538,1.1609,3.01689189189189
0.4748,-0.41777,-1.08568087318087
0.47693,1.9341,5.0262474012474
0.47725,0.0010563,0.00274506237006237
0.47847,0.77427,2.01213617463617
0.47931,0.61318,1.59350311850312
0.48009,0.6454,1.67723492723493
0.48131,1.4508,3.77027027027027
0.48292,0.74205,1.92840436590437
0.48357,0.87092,2.26330561330561
0.48447,0.4521,1.17489604989605
0.48531,0.58096,1.50977130977131
0.48621,0.8387,2.1795738045738
0.48601,0.67762,1.76096673596674
0.48782,0.93535,2.43074324324324
0.48866,0.80648,2.095841995842
0.48988,0.96757,2.51447505197505
0.4904,0.58096,1.50977130977131
0.49143,0.16214,0.421361746361746
0.49278,0.61318,1.59350311850312
0.49355,0.58096,1.50977130977131
0.49336,0.25879,0.672531185031185
0.49491,0.48431,1.25860187110187
0.49645,1.0642,2.76559251559252
0.49529,0.12992,0.337629937629938
0.49839,1.032,2.68191268191268
0.49845,0.8387,2.1795738045738
0.49929,0.90314,2.34703742203742
0.50026,0.77427,2.01213617463617
0.50219,0.99979,2.59820686070686
0.50316,1.2575,3.26793139293139
0.50399,1.0964,2.84927234927235
0.50361,1.0964,2.84927234927235
0.50548,0.41988,1.09116424116424
0.50586,1.1287,2.93321205821206
0.50767,0.58096,1.50977130977131
0.50857,0.74205,1.92840436590437
0.50883,0.54875,1.42606548856549
0.51031,0.4521,1.17489604989605
0.51095,0.8387,2.1795738045738
0.51231,1.0642,2.76559251559252
0.51237,1.6763,4.35628898128898
0.51379,0.70983,1.84467255717256
0.51508,1.1931,3.10057172557173
0.51559,0.70983,1.84467255717256
0.51727,1.0642,2.76559251559252
0.51727,1.1609,3.01689189189189
0.51779,0.99979,2.59820686070686
0.51953,1.322,3.43555093555094
0.51978,0.93535,2.43074324324324
0.52069,0.87092,2.26330561330561
0.5212,0.96757,2.51447505197505
0.52249,0.61318,1.59350311850312
0.52352,0.74205,1.92840436590437
0.52449,0.93535,2.43074324324324
0.52603,1.2575,3.26793139293139
0.52649,0.96757,2.51447505197505
0.52687,0.61318,1.59350311850312
0.52823,1.0964,2.84927234927235
0.52874,0.77427,2.01213617463617
0.53061,1.2575,3.26793139293139
0.53035,0.74205,1.92840436590437
0.53229,1.8052,4.69126819126819
0.53357,1.322,3.43555093555094
0.53306,1.8052,4.69126819126819
0.53493,1.3864,3.6029106029106
0.53525,0.6454,1.67723492723493
0.53647,1.6441,4.27260914760915
0.53667,1.8374,4.77494802494803
0.53828,1.2897,3.35161122661123
0.53912,1.483,3.8539501039501
0.54047,1.773,4.60758835758836
0.54073,1.2253,3.18425155925156
0.54189,1.2253,3.18425155925156
0.54311,1.6119,4.18892931392931
0.54356,1.483,3.8539501039501
0.54492,1.773,4.60758835758836
0.54537,0.4521,1.17489604989605
0.54711,1.3542,3.51923076923077
0.54814,1.1609,3.01689189189189
0.54859,1.4508,3.77027027027027
0.54911,1.0642,2.76559251559252
0.55046,1.0642,2.76559251559252
0.55117,1.4186,3.68659043659044
0.55239,2.0307,5.2772869022869
0.5542,1.5475,4.02156964656965
0.55426,1.1609,3.01689189189189
0.55497,1.2575,3.26793139293139
0.55613,1.2575,3.26793139293139
0.5571,1.2897,3.35161122661123
0.55755,2.1918,5.69594594594595
0.55864,1.9985,5.19360706860707
0.55935,0.96757,2.51447505197505
0.5609,1.6441,4.27260914760915
0.56161,2.2563,5.86356548856549
0.56238,1.5475,4.02156964656965
0.56373,1.9341,5.0262474012474
0.56399,2.1274,5.52858627858628
0.56541,1.773,4.60758835758836
0.56573,1.9341,5.0262474012474
0.56715,2.0952,5.44490644490645
0.56837,2.0307,5.2772869022869
0.5685,1.5797,4.10524948024948
0.57011,2.1918,5.69594594594595
0.57031,1.2253,3.18425155925156
0.57211,1.9985,5.19360706860707
0.5725,2.0307,5.2772869022869
0.5734,2.9328,7.62162162162162
0.57443,1.6763,4.35628898128898
0.57514,2.2563,5.86356548856549
0.57572,1.5153,3.93788981288981
0.57759,2.2563,5.86356548856549
0.57753,1.4186,3.68659043659044
0.57888,1.6441,4.27260914760915
0.57972,1.5797,4.10524948024948
0.5803,1.9663,5.10992723492723
0.58204,2.1918,5.69594594594595
0.58223,1.9341,5.0262474012474
0.58371,2.1274,5.52858627858628
0.58423,2.514,6.53326403326403
0.58532,1.7408,4.52390852390852
0.58668,2.4496,6.36590436590437
0.58764,2.7073,7.03560291060291
0.58835,2.3851,6.19828482328482
0.58932,2.2885,5.94724532224532
0.58964,1.7408,4.52390852390852
0.59106,2.0307,5.2772869022869
0.59215,2.3851,6.19828482328482
0.59319,2.7717,7.20296257796258
0.59402,2.3529,6.11460498960499
0.59486,1.6119,4.18892931392931
0.59557,2.0952,5.44490644490645
0.59634,2.1918,5.69594594594595
0.59699,2.1596,5.61226611226611
0.59763,2.6106,6.78430353430353
0.59924,2.4496,6.36590436590437
0.59982,3.0295,7.872920997921
0.60086,2.8684,7.45426195426195
0.60189,2.8039,7.28664241164241
0.6035,2.9006,7.53794178794179
0.60285,1.9663,5.10992723492723
0.60537,2.8684,7.45426195426195
0.60588,2.6429,6.86824324324324
0.60666,3.0939,8.04028066528067
0.60711,2.7073,7.03560291060291
0.60833,2.9328,7.62162162162162
0.60943,3.1583,8.20764033264033
0.61007,2.0952,5.44490644490645
0.61104,3.1905,8.29132016632017
0.61233,2.9328,7.62162162162162
0.61297,2.2563,5.86356548856549
0.61381,3.2872,8.54261954261954
0.61445,2.6106,6.78430353430353
0.61561,3.3516,8.70997920997921
0.61748,3.6416,9.46361746361746
0.61716,3.0295,7.872920997921
0.618,2.7073,7.03560291060291
0.61935,3.2228,8.37525987525988
0.62096,3.5127,9.12863825363825
0.62219,3.706,9.63097713097713
0.62199,3.8027,9.88227650727651
0.62264,3.4805,9.04495841995842
0.62451,3.6738,9.5472972972973
0.62464,3.2228,8.37525987525988
0.62612,3.996,10.3846153846154
0.62663,2.8684,7.45426195426195
0.62702,3.1583,8.20764033264033
0.62921,3.2228,8.37525987525988
0.62921,2.9972,7.78898128898129
0.63076,3.8993,10.133316008316
0.63166,3.0295,7.872920997921
0.63269,3.9638,10.3009355509356
0.63327,3.706,9.63097713097713
0.63398,3.0617,7.95660083160083
0.63578,3.8027,9.88227650727651
0.63636,3.2872,8.54261954261954
0.63611,3.7382,9.71465696465697
0.6383,3.6416,9.46361746361746
0.63907,3.6738,9.5472972972973
0.64023,4.3181,11.2216735966736
0.64075,3.8993,10.133316008316
0.64158,3.996,10.3846153846154
0.64229,3.9315,10.2169958419958
0.64242,3.6738,9.5472972972973
0.64494,4.5759,11.891632016632
0.64506,3.6738,9.5472972972973
0.64603,4.4792,11.6403326403326
0.64603,3.706,9.63097713097713
0.64764,3.4805,9.04495841995842
0.649,4.5437,11.8079521829522
0.65074,4.5115,11.7242723492723
0.65132,4.5115,11.7242723492723
0.65209,4.2859,11.1379937629938
0.65222,3.6416,9.46361746361746
0.65357,4.6081,11.9753118503119
0.65492,4.8981,12.7289501039501
0.6546,4.447,11.5566528066528
0.65641,4.9625,12.8963097713098
0.65673,4.2215,10.9706340956341
0.65866,5.7035,14.8219854469854
0.65924,5.3169,13.8173076923077
0.65956,4.5115,11.7242723492723
0.66053,4.3181,11.2216735966736
0.66143,4.0282,10.4682952182952
0.66246,4.2537,11.0543139293139
0.66369,4.3504,11.3056133056133
0.66408,4.6403,12.0589916839917
0.66607,5.2202,13.5660083160083
0.6662,5.0914,13.231288981289
0.66749,4.9947,12.9799896049896
0.66917,5.5102,14.3196465696466
0.66852,5.478,14.2359667359667
0.67052,5.8324,15.1569646569647
0.67136,5.188,13.4823284823285
0.67213,5.8001,15.0730249480249
0.67348,6.1223,15.910343035343
0.67303,4.447,11.5566528066528
0.67432,5.6713,14.7383056133056
0.67593,5.8968,15.3243243243243
0.67664,5.0269,13.0636694386694
0.678,5.8646,15.2406444906445
0.678,5.188,13.4823284823285
0.67916,5.2202,13.5660083160083
0.6807,5.8968,15.3243243243243
0.68077,4.8658,12.6450103950104
0.68238,5.639,14.6543659043659
0.68283,5.929,15.4080041580042
0.6836,5.3491,13.9009875259875
0.68463,5.3813,13.9846673596674
0.68528,5.6068,14.5706860706861
0.6874,6.7022,17.4173596673597
0.68734,5.7357,14.9056652806653
0.68844,6.0257,15.6593035343035
0.68947,5.6068,14.5706860706861
0.69005,5.3169,13.8173076923077
0.69134,6.1545,15.9940228690229
0.69211,5.5102,14.3196465696466
0.69346,5.7679,14.9893451143451
0.69359,5.6068,14.5706860706861
0.69527,5.3813,13.9846673596674
0.69656,5.639,14.6543659043659
0.69726,6.4767,16.831340956341
0.69772,5.9612,15.491683991684
0.69855,6.2834,16.3290020790021
0.69991,6.3156,16.4126819126819
0.70107,6.219,16.1616424116424
0.70197,6.5411,16.9987006237006
0.70255,6.5089,16.9150207900208
0.70306,5.8968,15.3243243243243
0.70403,6.1545,15.9940228690229
0.70526,6.8311,17.7523388773389
0.70584,5.7357,14.9056652806653
0.70693,6.1545,15.9940228690229
0.70828,6.219,16.1616424116424
0.70841,5.8646,15.2406444906445
0.70951,6.4767,16.831340956341
0.71099,6.6378,17.25
0.71176,6.5411,16.9987006237006
0.71325,6.5733,17.0823804573805
0.7128,6.5089,16.9150207900208
0.71441,6.8311,17.7523388773389
0.71531,6.67,17.3336798336798
0.7155,5.6713,14.7383056133056
0.71711,7.3788,19.1756756756757
0.71737,6.2834,16.3290020790021
0.71905,6.67,17.3336798336798
0.72014,6.7022,17.4173596673597
0.72092,6.4767,16.831340956341
0.7224,6.67,17.3336798336798
0.72163,5.8968,15.3243243243243
0.72298,6.0579,15.7429833679834
0.72472,6.7666,17.5847193347193
0.7242,6.1223,15.910343035343
0.72627,6.219,16.1616424116424
0.7262,6.4123,16.6639812889813
0.72749,6.3156,16.4126819126819
0.72936,6.5411,16.9987006237006
0.72968,6.6056,17.1663201663202
0.73149,6.0579,15.7429833679834
0.73129,5.7357,14.9056652806653
0.73252,5.9934,15.5753638253638
0.73368,6.67,17.3336798336798
0.73439,6.6378,17.25
0.73529,7.2821,18.9243762993763
0.73645,5.929,15.4080041580042
0.73754,6.6056,17.1663201663202
0.73877,6.4767,16.831340956341
0.7389,6.67,17.3336798336798
0.74122,6.9922,18.1709979209979
0.74051,6.8311,17.7523388773389
0.74193,6.38,16.5800415800416
0.74276,5.9612,15.491683991684
0.74373,5.929,15.4080041580042
0.74515,7.1533,18.589656964657
0.7456,6.6056,17.1663201663202
0.74689,6.3156,16.4126819126819
0.74747,6.3478,16.4963617463618
0.74882,6.7344,17.5010395010395
0.74914,6.1545,15.9940228690229
0.75121,6.9277,18.0033783783784
0.75146,6.7666,17.5847193347193
0.75243,6.4767,16.831340956341
0.75301,6.0901,15.8266632016632
0.75481,6.4767,16.831340956341
0.75533,6.7022,17.4173596673597
0.75514,6.3478,16.4963617463618
0.75739,6.5089,16.9150207900208
0.75707,6.1867,16.0777027027027
0.7581,6.1545,15.9940228690229
0.75945,6.2834,16.3290020790021
0.76074,6.4123,16.6639812889813
0.76107,6.8955,17.9196985446985
0.76242,6.3156,16.4126819126819
0.76364,5.9934,15.5753638253638
0.76429,6.219,16.1616424116424
0.76493,6.38,16.5800415800416
0.76583,6.8311,17.7523388773389
0.7677,6.0901,15.8266632016632
0.76803,6.4123,16.6639812889813
0.76899,6.4445,16.7476611226611
0.76944,6.3156,16.4126819126819
0.77054,6.1223,15.910343035343
0.77125,6.8311,17.7523388773389
0.7726,6.4445,16.7476611226611
0.77325,5.9612,15.491683991684
0.77428,6.0901,15.8266632016632
0.77576,6.8311,17.7523388773389
0.77582,5.8968,15.3243243243243
0.7775,5.9612,15.491683991684
0.77853,6.1545,15.9940228690229
0.77885,5.8324,15.1569646569647
0.7804,6.1545,15.9940228690229
0.78091,5.7679,14.9893451143451
0.78182,6.1867,16.0777027027027
0.78259,6.4445,16.7476611226611
0.78317,5.6713,14.7383056133056
0.78388,6.38,16.5800415800416
0.78581,6.3156,16.4126819126819
0.7862,5.8001,15.0730249480249
0.78723,6.5733,17.0823804573805
0.788,5.6713,14.7383056133056
0.78923,6.219,16.1616424116424
0.78936,6.0579,15.7429833679834
0.79065,5.5102,14.3196465696466
0.79232,6.5089,16.9150207900208
0.79303,6.0257,15.6593035343035
0.79342,6.3156,16.4126819126819
0.79451,6.38,16.5800415800416
0.79451,5.7035,14.8219854469854
0.79657,6.38,16.5800415800416
0.79735,5.9934,15.5753638253638
0.79793,5.9612,15.491683991684
0.79844,5.3491,13.9009875259875
0.7996,6.3478,16.4963617463618
0.80147,6.0579,15.7429833679834
0.80192,6.1867,16.0777027027027
0.80302,7.0566,18.3383575883576
0.80379,5.2847,13.7336278586279
0.8036,5.0269,13.0636694386694
0.80624,6.4445,16.7476611226611
0.80592,5.7357,14.9056652806653
0.80772,5.7035,14.8219854469854
0.80895,5.929,15.4080041580042
0.80882,5.3813,13.9846673596674
0.80985,5.5746,14.4870062370062
0.81107,5.8324,15.1569646569647
0.81146,5.2524,13.6496881496881
0.81314,6.0257,15.6593035343035
0.81294,5.7035,14.8219854469854
0.81449,5.8646,15.2406444906445
0.81552,5.5102,14.3196465696466
0.81655,5.4457,14.152027027027
0.81765,5.929,15.4080041580042
0.8181,5.3169,13.8173076923077
0.81952,5.639,14.6543659043659
0.82068,5.8646,15.2406444906445
0.82061,5.4135,14.0683471933472
0.82235,5.5102,14.3196465696466
0.82235,5.3169,13.8173076923077
0.82384,5.929,15.4080041580042
0.82442,5.6068,14.5706860706861
0.82519,5.2847,13.7336278586279
0.82725,6.4123,16.6639812889813
0.82835,7.4754,19.4267151767152
0.82918,5.7035,14.8219854469854
0.82996,5.8646,15.2406444906445
0.82996,5.3169,13.8173076923077
0.83073,5.4135,14.0683471933472
0.83254,5.4135,14.0683471933472
0.8326,5.5424,14.4033264033264
0.83479,5.8646,15.2406444906445
0.83556,5.5746,14.4870062370062
0.8366,6.2834,16.3290020790021
0.8366,5.9612,15.491683991684
0.83788,5.4135,14.0683471933472
0.83943,5.8968,15.3243243243243
0.83898,4.9947,12.9799896049896
0.84033,6.1867,16.0777027027027
0.84156,5.7035,14.8219854469854
0.8424,5.6713,14.7383056133056
0.8433,5.5424,14.4033264033264
0.84439,5.4135,14.0683471933472
0.84465,5.8646,15.2406444906445
0.84575,5.2202,13.5660083160083
0.84691,5.7035,14.8219854469854
0.84878,5.929,15.4080041580042
0.84884,5.4457,14.152027027027
0.85,6.0257,15.6593035343035
0.85187,5.8646,15.2406444906445
0.85129,5.0591,13.1473492723493
0.85348,6.0901,15.8266632016632
0.85348,5.0591,13.1473492723493
0.85438,5.7035,14.8219854469854
0.85503,5.478,14.2359667359667
0.85606,4.9625,12.8963097713098
0.85709,5.1236,13.3149688149688
0.85741,5.5746,14.4870062370062
0.8587,5.4135,14.0683471933472
0.85934,5.3491,13.9009875259875
0.86096,5.6713,14.7383056133056
0.86166,5.6713,14.7383056133056
0.86237,5.3813,13.9846673596674
0.86405,6.4123,16.6639812889813
0.8645,5.2524,13.6496881496881
0.86534,4.7692,12.3939708939709
0.8665,5.4457,14.152027027027
0.86734,5.478,14.2359667359667
0.86759,5.1236,13.3149688149688
0.86901,5.929,15.4080041580042
0.86998,5.929,15.4080041580042
0.87114,6.4445,16.7476611226611
0.87191,5.9934,15.5753638253638
0.87281,6.0901,15.8266632016632
0.87326,5.9612,15.491683991684
0.87417,5.5746,14.4870062370062
0.87571,5.4457,14.152027027027
0.87649,5.7357,14.9056652806653
0.87758,6.5411,16.9987006237006
0.87874,7.0888,18.4220374220374
0.87861,6.5733,17.0823804573805
0.88016,6.7989,17.668659043659
0.88093,6.6378,17.25
0.88209,6.67,17.3336798336798
0.88332,6.9277,18.0033783783784
0.88351,6.8311,17.7523388773389
0.88532,7.0888,18.4220374220374
0.88564,6.8955,17.9196985446985
0.88648,7.121,18.5057172557173
0.88744,7.2821,18.9243762993763
0.8886,7.1533,18.589656964657
0.88944,6.8633,17.8360187110187
0.89028,6.67,17.3336798336798
0.8906,6.8633,17.8360187110187
0.89208,7.3466,19.0919958419958
0.89344,7.411,19.2593555093555
0.89408,8.1842,21.268711018711
0.89582,8.2486,21.4360706860707
0.89518,7.7332,20.0966735966736
0.89647,8.5064,22.1060291060291
0.89808,8.1198,21.1013513513514
0.89866,8.2809,21.5200103950104
0.89898,8.1198,21.1013513513514
0.90027,7.8942,20.5150727650728
0.90091,8.1198,21.1013513513514
0.90227,8.6997,22.608367983368
0.90278,8.8608,23.027027027027
0.90459,9.1829,23.8640852390852
0.9042,9.6984,25.2037422037422
0.90549,9.7628,25.3711018711019
0.90665,8.7963,22.8594074844075
0.90761,9.5695,24.868762993763
0.90916,10.085,26.20841995842
0.90923,9.4407,24.5340436590437
0.91116,10.375,26.9620582120582
0.91206,10.665,27.7156964656965
0.91251,10.955,28.4693347193347
0.91322,11.019,28.6356548856549
0.91406,10.762,27.9677754677755
0.91503,11.631,30.2260914760915
0.91573,11.277,29.3061330561331
0.91606,11.76,30.5613305613306
0.91747,10.439,27.1283783783784
0.91831,12.211,31.733367983368
0.91909,12.34,32.0686070686071
0.92095,13.822,35.9199584199584
0.92192,13.629,35.4183991683992
0.92218,13.854,36.0031185031185
0.9236,14.338,37.2609147609148
0.92463,14.434,37.510395010395
0.92495,14.885,38.6824324324324
0.92682,15.626,40.6081081081081
0.9274,15.981,41.5306652806653
0.92753,16.69,43.3731808731809
0.92888,17.205,44.7115384615385
0.93011,19.074,49.5686070686071
0.93069,19.653,51.0732848232848
0.93197,20.266,52.6663201663202
0.93243,20.846,54.1735966735967
0.93391,23.165,60.200103950104
0.93417,24.486,63.6330561330561
0.93481,26.999,70.1637214137214
0.93752,28.771,74.768711018711
0.93694,30.994,80.545738045738
0.9381,32.476,84.3970893970894
0.93932,36.116,93.8565488565489
0.93984,38.855,100.974532224532
0.94042,42.946,111.606029106029
0.94125,46.49,120.816008316008
0.9428,51.452,133.711018711019
0.94357,57.058,148.279625779626
0.9439,64.467,167.533783783784
0.94519,73.585,191.22920997921
0.9457,85.827,223.043139293139
0.94744,102.93,267.489604989605
0.94809,129.19,335.732848232848
0.94841,174.42,453.274428274428
0.94957,242.73,630.795218295218
0.95028,295.14,766.995841995842
0.95086,347.43,902.884615384615
0.95221,426.85,1109.27754677755
0.95646,311.35,809.121621621622
0.95505,222.23,577.52079002079
0.95569,200.04,519.85446985447
0.95608,187.67,487.7079002079
0.95775,183.48,476.819126819127
0.9582,179.8,467.255717255717
0.95981,179.8,467.255717255717
0.96059,182.38,473.960498960499
0.96143,183.38,476.559251559252
0.96213,182.99,475.545738045738
0.96252,184.99,480.743243243243
0.964,187.44,487.110187110187
0.96491,191.18,496.829521829522
0.966,192.47,500.181912681913
0.96748,192.11,499.246361746362
0.96755,193.82,503.690228690229
0.968,191.92,498.752598752599
0.96955,193.34,502.442827442827
0.97051,185.99,483.341995841996
0.97174,183.19,476.065488565489
0.97199,177.81,462.0841995842
0.97322,175.13,455.119542619543
0.9738,166.69,433.186070686071
0.97477,163.28,424.324324324324
0.97606,161.54,419.802494802495
0.97709,158.22,411.174636174636
0.97754,156.38,406.392931392931
0.97838,154.55,401.637214137214
0.97941,152.39,396.023908523909
0.98037,151.29,393.165280665281
0.98179,150.65,391.502079002079
0.98224,148.01,384.641372141372
0.98418,147.88,384.303534303534
0.98398,145.04,376.923076923077
0.98514,144.78,376.247401247401
0.98624,143.98,374.168399168399
0.9872,142.24,369.64656964657
0.98733,141.4,367.463617463617
0.98907,140.37,364.786902286902
0.98952,139.34,362.110187110187
0.99075,138.89,360.940748440748
0.99184,137.99,358.601871101871
0.9921,136.89,355.743243243243
0.99307,135.31,351.637214137214
0.99404,135.51,352.156964656965
0.99507,134.96,350.727650727651
0.99552,133.51,346.959459459459
0.99719,132.67,344.776507276507
0.99835,132.51,344.360706860707
0.99848,131.7,342.255717255717
1,131,340.43659043659
1.0011,130,337.837837837838
1.0023,130,337.837837837838
1.0031,129.13,335.576923076923
1.0039,129.06,335.39501039501
1.0042,127.58,331.548856548857
1.0051,127.29,330.795218295218
1.0069,127.71,331.886694386694
1.0075,127.23,330.639293139293
1.0076,126.71,329.287941787942
1.0096,126.13,327.780665280665
1.0097,125.49,326.117463617464
1.0112,125.33,325.701663201663
1.0115,124.52,323.596673596674
1.0132,125.39,325.857588357588
1.0134,124.29,322.998960498961
1.015,124.46,323.440748440748
1.0156,124.46,323.440748440748
1.0167,124.1,322.505197505197
1.0171,122.59,318.581081081081
1.0186,123.91,322.011434511435
1.0188,122.75,318.996881496882
1.02,122.2,317.567567567568
1.0213,120.4,312.889812889813
1.0213,122.3,317.827442827443
1.0223,121.88,316.735966735967
1.0243,122.65,318.737006237006
1.0246,121.2,314.968814968815
1.0259,122.33,317.905405405405
1.0262,121.65,316.138253638254
1.0277,122.01,317.073804573805
1.0283,121.62,316.060291060291
1.0292,121.23,315.046777546778
1.0301,121.69,316.242203742204
1.0306,120.91,314.215176715177
1.0321,121.75,316.398128898129
1.0331,120.91,314.215176715177
1.034,121.4,315.488565488566
1.0344,122.07,317.22972972973
1.0362,121.75,316.398128898129
1.0362,121.88,316.735966735967
1.0378,122.14,317.411642411642
1.0383,121.91,316.813929313929
1.0399,122.68,318.814968814969
1.04,122.14,317.411642411642
1.041,122.46,318.243243243243
1.0429,122.72,318.918918918919
1.0434,122.62,318.659043659044
1.0445,123.1,319.906444906445
1.0449,122.1,317.307692307692
1.0461,123.2,320.16632016632
1.0475,123.42,320.738045738046
1.0484,123.55,321.075883575884
1.0498,124.46,323.440748440748
1.0494,123.46,320.841995841996
1.05,124,322.245322245322
1.052,124.81,324.350311850312
1.0532,124.65,323.934511434511
1.0526,124.91,324.610187110187
1.0547,124.84,324.428274428274
1.0545,124.94,324.68814968815
1.0562,125.13,325.181912681913
1.0567,124.97,324.766112266112
1.058,126.16,327.858627858628
1.0595,126.32,328.274428274428
1.0599,126.58,328.950103950104
1.0606,127.1,330.301455301455
1.0613,126.2,327.962577962578
1.0628,127.42,331.133056133056
1.0633,128.06,332.796257796258
1.0642,127.65,331.730769230769
1.0649,128.16,333.056133056133
1.0656,128.29,333.393970893971
1.0677,128.9,334.97920997921
1.0685,128.97,335.161122661123
1.0686,128.52,333.991683991684
1.07,129.35,336.148648648649
1.0711,129.8,337.318087318087
1.0717,130.19,338.331600831601
1.0728,130,337.837837837838
1.0738,131.19,340.930353430353
1.0745,131.87,342.697505197505
1.0755,130.93,340.254677754678
1.0765,132.12,343.347193347193
1.077,132.41,344.100831600832
1.0776,131.58,341.943866943867
1.0792,133.38,346.621621621622
1.0802,133.38,346.621621621622
1.081,133.57,347.115384615385
1.0819,133.93,348.050935550936
1.0825,134.22,348.804573804574
1.0839,134.28,348.960498960499
1.0852,135.09,351.065488565489
1.0861,136.05,353.560291060291
1.0868,135.41,351.897089397089
1.0876,135.99,353.404365904366
1.0878,136.18,353.898128898129
1.0896,136.99,356.003118503119
1.0895,136.12,353.742203742204
1.0908,136.7,355.24948024948
1.0924,137.57,357.510395010395
1.0929,136.92,355.821205821206
1.0939,137.54,357.432432432432
1.0949,138.21,359.173596673597
1.0959,139.05,361.356548856549
1.0966,138.95,361.096673596674
1.0975,138.79,360.680873180873
1.0984,139.63,362.863825363825
1.0993,139.08,361.434511434511
1.1006,140.27,364.527027027027
1.1007,140.02,363.877338877339
1.1021,141.5,367.723492723493
1.1051,143.5,372.920997920998
1.1046,140.69,365.618503118503
1.1039,140.08,364.033264033264
1.1029,140.34,364.70893970894
1.1023,139.31,362.032224532225
1.1015,139.21,361.772349272349
1.0995,138.5,359.927234927235
1.0997,138.37,359.589397089397
1.0988,137.54,357.432432432432
1.0975,137.6,357.588357588358
1.0973,137.66,357.744282744283
1.096,137.21,356.574844074844
1.0957,136.31,354.235966735967
1.094,136.96,355.925155925156
1.093,136.22,354.002079002079
1.0929,136.05,353.560291060291
1.0913,135.76,352.806652806653
1.0899,134.6,349.7920997921
1.0891,135.15,351.221413721414
1.0882,133.61,347.219334719335
1.0878,134.09,348.466735966736
1.087,133.96,348.128898128898
1.0859,133.51,346.959459459459
1.0855,134.12,348.544698544699
1.0841,133.44,346.777546777547
1.0835,133.44,346.777546777547
1.0826,132.77,345.036382536383
1.0812,132.54,344.438669438669
1.08,131.93,342.85343035343
1.0797,132.22,343.607068607069
1.0786,132.51,344.360706860707
1.0774,131.54,341.839916839917
1.0769,132.32,343.866943866944
1.0763,132.51,344.360706860707
1.0749,130.8,339.91683991684
1.0741,131.19,340.930353430353
1.0726,130.74,339.760914760915
1.0722,130.71,339.682952182952
1.0709,130,337.837837837838
1.0698,130.32,338.669438669439
1.0679,130.19,338.331600831601
1.0687,130.61,339.423076923077
1.0671,128.97,335.161122661123
1.0665,130.48,339.085239085239
1.0652,130.03,337.9158004158
1.0649,128.9,334.97920997921
1.0641,127.77,332.04261954262
1.0627,129.16,335.654885654886
1.0615,128.68,334.407484407484
1.0605,128.52,333.991683991684
1.0596,128.68,334.407484407484
1.0587,128.61,334.225571725572
1.0582,127.94,332.484407484407
1.0571,128.32,333.471933471933
1.0556,128.16,333.056133056133
1.0553,128.06,332.796257796258
1.0555,128.64,334.303534303534
1.0526,128.03,332.718295218295
1.0526,128.19,333.134095634096
1.0519,127.71,331.886694386694
1.0513,128,332.640332640333
1.0493,127.52,331.392931392931
1.0493,128.55,334.069646569647
1.0478,127.74,331.964656964657
1.0471,128.23,333.238045738046
1.0464,127.39,331.055093555094
1.0445,128.52,333.991683991684
1.0451,128.42,333.731808731809
1.0429,128.06,332.796257796258
1.0422,128.29,333.393970893971
1.0411,127.16,330.45738045738
1.0411,127.9,332.380457380457
1.0398,127.1,330.301455301455
1.0386,127.32,330.873180873181
1.0386,127.65,331.730769230769
1.0363,126.71,329.287941787942
1.0356,127.48,331.288981288981
1.035,127.84,332.224532224532
1.0334,127,330.04158004158
1.0329,127.48,331.288981288981
1.0323,127.36,330.977130977131
1.0312,127.84,332.224532224532
1.0299,127.42,331.133056133056
1.0294,126.97,329.963617463617
1.0286,127.68,331.808731808732
1.0277,128.1,332.900207900208
1.026,128.1,332.900207900208
1.0264,127.77,332.04261954262
1.0248,128.16,333.056133056133
1.0237,127.61,331.626819126819
1.0227,127.55,331.470893970894
1.021,127.9,332.380457380457
1.0215,127.45,331.211018711019
1.0205,127.36,330.977130977131
1.0192,128.29,333.393970893971
1.0181,127.97,332.56237006237
1.0185,127.74,331.964656964657
1.0172,128.61,334.225571725572
1.0154,128.13,332.978170478171
1.0149,128.23,333.238045738046
1.0145,128.58,334.147609147609
1.0123,127.87,332.302494802495
1.0126,128.64,334.303534303534
1.0113,128.32,333.471933471933
1.0106,129.19,335.732848232848
1.0097,128.97,335.161122661123
1.0081,128.39,333.653846153846
1.0075,128.93,335.057172557173
1.0062,128.97,335.161122661123
1.0059,128.97,335.161122661123
1.0049,129.96,337.733887733888
1.004,129.51,336.564449064449
1.0032,129.1,335.498960498961
1.0017,129.77,337.240124740125
1.0003,129.06,335.39501039501
0.99984,130.25,338.487525987526
0.99893,129.58,336.746361746362
0.99868,130.38,338.825363825364
0.99681,130.42,338.929313929314
0.99681,130.58,339.345114345114
0.99558,131,340.43659043659
0.99384,130.19,338.331600831601
0.99352,131.41,341.502079002079
0.99262,131.35,341.346153846154
0.99204,131.58,341.943866943867
0.99049,131.99,343.009355509356
0.98978,131.77,342.43762993763
0.9892,132.28,343.762993762994
0.98759,131.93,342.85343035343
0.98669,131.54,341.839916839917
0.98598,132.22,343.607068607069
0.98598,133.06,345.790020790021
0.98424,133.25,346.283783783784
0.98392,133.35,346.543659043659
0.98237,133.06,345.790020790021
0.98166,133.09,345.867983367983
0.98063,133.61,347.219334719335
0.97896,133.22,346.205821205821
0.97889,133.83,347.79106029106
0.97805,134.6,349.7920997921
0.97683,134.38,349.220374220374
0.97618,134.8,350.31185031185
0.97554,134.8,350.31185031185
0.97438,135.99,353.404365904366
0.97303,135.51,352.156964656965
0.97206,135.31,351.637214137214
0.97148,136.18,353.898128898129
0.96993,136.15,353.820166320166
0.96987,137.25,356.678794178794
0.9689,136.92,355.821205821206
0.96813,137.28,356.756756756757
0.96677,138.21,359.173596673597
0.96561,137.41,357.094594594595
0.96523,137.73,357.926195426195
0.96413,139.47,362.448024948025
0.96304,139.08,361.434511434511
0.96226,138.99,361.200623700624
0.96097,139.4,362.266112266112
0.96052,139.6,362.785862785863
0.95949,140.63,365.462577962578
0.95904,140.82,365.956340956341
0.95846,141.31,367.22972972973
0.95737,141.4,367.463617463617
0.95569,141.95,368.892931392931
0.95517,142.37,369.984407484408
0.95376,142.05,369.152806652807
0.95324,142.59,370.556133056133
0.95234,143.27,372.323284823285
0.95169,143.98,374.168399168399
0.95066,144.14,374.5841995842
0.94886,144.04,374.324324324324
0.94809,144.17,374.662162162162
0.94738,144.4,375.259875259875
0.94699,145.65,378.508316008316
0.94602,145.62,378.430353430353
0.9448,146.4,380.457380457381
0.94357,146.04,379.52182952183
0.94345,147.56,383.471933471933
0.94177,147.3,382.796257796258
0.9408,147.75,383.965696465697
0.94016,148.52,385.966735966736
0.93913,148.62,386.226611226611
0.93868,149.97,389.734927234927
0.93713,149.01,387.240124740125
0.93681,149.91,389.579002079002
0.93565,150.17,390.254677754678
0.93397,151.13,392.74948024948
0.93462,152.26,395.686070686071
0.93223,151.68,394.178794178794
0.93197,152.13,395.348232848233
0.93075,152.9,397.349272349272
0.92946,153.32,398.440748440748
0.92946,154.58,401.715176715177
0.92772,154.16,400.623700623701
0.92695,155.19,403.300415800416
0.9265,155.51,404.132016632017
0.92495,154.51,401.533264033264
0.92405,155.58,404.313929313929
0.92347,155.45,403.976091476091
0.92218,156.13,405.743243243243
0.92211,156.48,406.652806652807
0.92063,155.67,404.547817047817
0.91986,155.58,404.313929313929
0.91896,156.06,405.561330561331
0.91767,154.64,401.871101871102
0.91677,154.87,402.468814968815
0.91683,154.84,402.390852390852
0.91541,153.87,399.870062370062
0.91457,153.45,398.778586278586
0.91393,152.26,395.686070686071
0.91322,152.23,395.608108108108
0.9118,150.1,390.072765072765
0.91039,148.81,386.720374220374
0.91051,148.43,385.732848232848
0.90852,146.23,380.015592515593
0.90813,145.17,377.260914760915
0.90716,144.49,375.493762993763
0.9062,142.66,370.738045738046
0.90542,141.37,367.385654885655
0.90459,138.37,359.589397089397
0.90297,137.02,356.081081081081
0.90194,135.64,352.494802494802
0.90104,133.73,347.531185031185
0.90059,132.06,343.191268191268
0.8993,130.42,338.929313929314
0.89846,128.03,332.718295218295
0.89801,126.58,328.950103950104
0.89692,123.97,322.16735966736
0.89595,122.07,317.22972972973
0.89505,118.72,308.523908523909
0.89453,116.79,303.508316008316
0.89311,114.34,297.141372141372
0.89124,111.5,289.760914760915
0.89157,108.12,280.977130977131
0.89054,105.25,273.518711018711
0.88892,101.74,264.397089397089
0.88828,98.521,256.031704781705
0.88731,96.298,250.254677754678
0.88641,92.722,240.961538461538
0.88602,89.436,232.422037422037
0.88454,85.215,221.452702702703
0.88467,82.606,214.672557172557
0.88319,78.289,203.453742203742
0.88242,75.615,196.504677754678
0.88061,72.2,187.629937629938
0.881,68.946,179.173596673597
0.87939,65.692,170.717255717256
0.87803,62.534,162.510395010395
0.87713,59.023,153.386174636175
0.87713,55.157,143.339397089397
0.87571,52.74,137.058212058212
0.875,50.163,130.361226611227
0.87333,46.523,120.901767151767
0.87288,44.042,114.454261954262
0.87204,41.013,106.58264033264
0.87075,37.824,98.2952182952183
0.87107,35.44,92.0997920997921
0.86991,33.41,86.8243243243243
0.86804,30.188,78.4511434511435
0.86862,29.158,75.7744282744283
0.86669,27.45,71.3357588357588
0.86579,25.743,66.8996881496881
0.86502,24.035,62.4610187110187
0.86437,21.941,57.0192307692308
0.8627,20.974,54.506237006237
0.86276,19.364,50.3222453222453
0.86063,18.268,47.4740124740125
0.8607,17.592,45.7172557172557
0.85896,16.013,41.6138253638254
0.85812,15.143,39.3529106029106
0.85715,14.305,37.1751559251559
0.85664,14.305,37.1751559251559
0.85554,12.695,32.9911642411642
0.85406,11.954,31.0654885654886
0.85374,10.987,28.5524948024948
0.85277,10.504,27.2972972972973
0.85258,10.504,27.2972972972973
0.8509,9.7628,25.3711018711019
0.84974,8.4419,21.9384095634096
0.84884,8.6997,22.608367983368
0.84878,8.6675,22.5246881496882
0.84736,8.4097,21.8547297297297
0.84671,8.5064,22.1060291060291
0.84484,7.7332,20.0966735966736
0.84446,8.0553,20.9337318087318
0.84349,7.7976,20.2640332640333
0.84272,7.7009,20.0127338877339
0.8424,7.4754,19.4267151767152
0.8404,6.6378,17.25
0.83995,7.5076,19.510395010395
0.8395,7.411,19.2593555093555
0.83737,6.0257,15.6593035343035
0.83672,6.2512,16.2453222453222
0.83582,5.7357,14.9056652806653
0.83447,5.5102,14.3196465696466
0.83421,6.0579,15.7429833679834
0.83363,5.8324,15.1569646569647
0.83228,5.4457,14.152027027027
0.83228,6.2512,16.2453222453222
0.83112,5.6713,14.7383056133056
0.82989,5.188,13.4823284823285
0.82867,5.0914,13.231288981289
0.82854,5.5424,14.4033264033264
0.82667,5.0269,13.0636694386694
0.82577,4.9947,12.9799896049896
0.82474,5.2847,13.7336278586279
0.8239,4.7048,12.2266112266112
0.82351,5.0914,13.231288981289
0.8221,5.1558,13.3986486486486
0.82145,4.6725,12.1426715176715
0.82074,5.5102,14.3196465696466
0.81913,4.4148,11.472972972973
0.81907,4.6725,12.1426715176715
0.81784,5.0269,13.0636694386694
0.81662,3.7382,9.71465696465697
0.81617,5.1236,13.3149688149688
0.81507,4.6081,11.9753118503119
0.8143,4.4792,11.6403326403326
0.81333,4.0282,10.4682952182952
0.81178,3.9315,10.2169958419958
0.81107,3.5772,9.2962577962578
0.81082,4.8658,12.6450103950104
0.80882,3.706,9.63097713097713
0.80888,3.9315,10.2169958419958
0.80734,3.5127,9.12863825363825
0.80708,4.1248,10.7193347193347
0.80611,4.5115,11.7242723492723
0.80463,3.1261,8.1239604989605
0.80379,3.0617,7.95660083160083
0.80289,3.5449,9.21231808731809
0.80121,3.4483,8.96127858627859
0.80109,4.0926,10.6356548856549
0.8007,3.7382,9.71465696465697
0.79986,3.1905,8.29132016632017
0.79896,3.5449,9.21231808731809
0.79696,3.7705,9.79859667359668
0.79683,3.996,10.3846153846154
0.79567,3.9638,10.3009355509356
0.79516,3.7705,9.79859667359668
0.79425,3.6094,9.37993762993763
0.7929,2.224,5.77962577962578
0.79219,3.5127,9.12863825363825
0.79071,3.3839,8.79391891891892
0.79007,3.3516,8.70997920997921
0.78923,3.7705,9.79859667359668
0.7882,3.3516,8.70997920997921
0.78755,2.9006,7.53794178794179
0.78671,3.4483,8.96127858627859
0.78536,2.4173,6.28196465696466
0.78504,3.255,8.45893970893971
0.78336,2.7717,7.20296257796258
0.7824,3.1261,8.1239604989605
0.78182,3.0295,7.872920997921
0.78117,3.1261,8.1239604989605
0.78072,3.5449,9.21231808731809
0.77808,2.7717,7.20296257796258
0.77782,2.5784,6.7006237006237
0.77776,2.965,7.70530145530146
0.77595,2.8039,7.28664241164241
0.77569,3.1261,8.1239604989605
0.77479,3.3194,8.62629937629938
0.77331,3.6094,9.37993762993763
0.77273,2.9972,7.78898128898129
0.77138,3.0295,7.872920997921
0.77047,3.4161,8.87759875259875
0.76951,2.6751,6.95192307692308
0.76809,1.8374,4.77494802494803
0.76732,2.7717,7.20296257796258
0.76648,2.4818,6.4495841995842
0.76596,2.2563,5.86356548856549
0.76564,3.2872,8.54261954261954
0.76364,2.4173,6.28196465696466
0.76339,2.5462,6.61694386694387
0.76242,2.5784,6.7006237006237
0.76158,2.9328,7.62162162162162
0.76068,2.3529,6.11460498960499
0.75997,2.8684,7.45426195426195
0.75829,2.9328,7.62162162162162
0.75771,2.9328,7.62162162162162
0.75759,2.9328,7.62162162162162
0.75604,3.255,8.45893970893971
0.75559,2.6106,6.78430353430353
0.75417,2.8362,7.37058212058212
0.75353,2.8039,7.28664241164241
0.75237,2.1596,5.61226611226611
0.75198,2.0307,5.2772869022869
0.7505,1.7086,4.44022869022869
0.74979,2.8039,7.28664241164241
0.74914,1.9985,5.19360706860707
0.74727,2.514,6.53326403326403
0.74682,2.5784,6.7006237006237
0.74631,2.7717,7.20296257796258
0.74579,2.7073,7.03560291060291
0.74476,3.0295,7.872920997921
0.74328,2.4173,6.28196465696466
0.74263,2.7717,7.20296257796258
0.74122,2.514,6.53326403326403
0.73973,1.9985,5.19360706860707
0.73954,2.2885,5.94724532224532
0.73806,2.0952,5.44490644490645
0.73787,3.1261,8.1239604989605
0.73703,2.5462,6.61694386694387
0.73471,2.063,5.36122661122661
0.73445,2.3529,6.11460498960499
0.73355,1.773,4.60758835758836
0.7329,2.1918,5.69594594594595
0.73265,2.6106,6.78430353430353
0.7311,2.7073,7.03560291060291
0.73052,2.4173,6.28196465696466
0.72897,2.4496,6.36590436590437
0.72897,2.9972,7.78898128898129
0.72749,2.7395,7.11928274428274
0.7262,2.1274,5.52858627858628
0.72569,2.1596,5.61226611226611
0.72485,2.4496,6.36590436590437
0.72356,1.8374,4.77494802494803
0.72349,2.9006,7.53794178794179
0.72188,2.063,5.36122661122661
0.72137,2.1596,5.61226611226611
0.72001,2.4818,6.4495841995842
0.7186,2.0952,5.44490644490645
0.71905,2.5462,6.61694386694387
0.71724,2.514,6.53326403326403
0.71615,1.773,4.60758835758836
0.71499,1.5797,4.10524948024948
0.71466,1.6119,4.18892931392931
0.71434,1.7086,4.44022869022869
0.71299,1.8052,4.69126819126819
0.71176,1.7408,4.52390852390852
0.71215,2.1274,5.52858627858628
0.71035,2.0307,5.2772869022869
0.70944,2.514,6.53326403326403
0.70783,2.3529,6.11460498960499
0.70719,2.0307,5.2772869022869
0.70674,2.8039,7.28664241164241
0.70526,2.1274,5.52858627858628
0.70487,2.3529,6.11460498960499
0.70371,2.224,5.77962577962578
0.70242,1.8374,4.77494802494803
0.70197,2.1274,5.52858627858628
0.70042,1.8696,4.85862785862786
0.69965,1.6763,4.35628898128898
0.69862,1.8696,4.85862785862786
0.69772,1.5797,4.10524948024948
0.69707,1.6441,4.27260914760915
0.69662,1.5797,4.10524948024948
0.69462,1.032,2.68191268191268
0.69469,2.3851,6.19828482328482
0.69359,1.773,4.60758835758836
0.69275,2.514,6.53326403326403
0.69146,1.483,3.8539501039501
0.69024,1.7086,4.44022869022869
0.69024,2.3207,6.03092515592516
0.68856,1.6119,4.18892931392931
0.6876,1.4508,3.77027027027027
0.68702,1.9985,5.19360706860707
0.68515,1.9341,5.0262474012474
0.68476,1.2897,3.35161122661123
0.68425,1.773,4.60758835758836
0.68334,1.9985,5.19360706860707
0.68244,1.5797,4.10524948024948
0.6818,1.4186,3.68659043659044
0.6809,1.7408,4.52390852390852
0.67954,1.6763,4.35628898128898
0.67903,1.2575,3.26793139293139
0.67742,1.2897,3.35161122661123
0.67651,1.6763,4.35628898128898
0.67658,1.5475,4.02156964656965
0.67529,1.8374,4.77494802494803
0.67374,1.2253,3.18425155925156
0.67368,1.5153,3.93788981288981
0.67207,1.6119,4.18892931392931
0.67078,1.6119,4.18892931392931
0.67007,1.4508,3.77027027027027
0.66936,1.1931,3.10057172557173
0.66717,2.1918,5.69594594594595
0.66781,1.8052,4.69126819126819
0.66633,1.7086,4.44022869022869
0.66588,1.6119,4.18892931392931
0.66472,1.0964,2.84927234927235
0.66382,1.8374,4.77494802494803
0.66266,1.3864,3.6029106029106
0.66156,1.2897,3.35161122661123
0.6613,1.9663,5.10992723492723
0.66053,1.9341,5.0262474012474
0.65905,1.8374,4.77494802494803
0.65815,1.1609,3.01689189189189
0.6577,1.7408,4.52390852390852
0.65634,1.6441,4.27260914760915
0.6557,1.5153,3.93788981288981
0.65415,1.322,3.43555093555094
0.65415,1.483,3.8539501039501
0.65286,1.1287,2.93321205821206
0.6517,1.6763,4.35628898128898
0.65022,1.322,3.43555093555094
0.6497,0.4521,1.17489604989605
0.64919,1.4186,3.68659043659044
0.64803,1.1931,3.10057172557173
0.64693,1.5797,4.10524948024948
0.64648,1.773,4.60758835758836
0.64506,1.2575,3.26793139293139
0.64519,1.5153,3.93788981288981
0.64365,1.0642,2.76559251559252
0.64326,1.5797,4.10524948024948
0.64171,0.74205,1.92840436590437
0.641,1.5475,4.02156964656965
0.6403,1.3864,3.6029106029106
0.6392,1.5797,4.10524948024948
0.63804,1.3864,3.6029106029106
0.63694,0.90314,2.34703742203742
0.63585,1.6441,4.27260914760915
0.63553,1.2253,3.18425155925156
0.63392,0.70983,1.84467255717256
0.63353,1.2253,3.18425155925156
0.63243,1.7086,4.44022869022869
0.63166,0.90314,2.34703742203742
0.63134,1.7086,4.44022869022869
0.62973,1.3864,3.6029106029106
0.62895,1.6119,4.18892931392931
0.62799,1.7086,4.44022869022869
0.62696,1.1287,2.93321205821206
0.62631,1.3542,3.51923076923077
0.62522,0.8387,2.1795738045738
0.62438,1.0642,2.76559251559252
0.62328,1.1287,2.93321205821206
0.62161,0.80648,2.095841995842
0.62167,1.1609,3.01689189189189
0.62083,0.80648,2.095841995842
0.61967,0.70983,1.84467255717256
0.61826,1.032,2.68191268191268
0.61735,1.3542,3.51923076923077
0.61716,0.67762,1.76096673596674
0.616,0.70983,1.84467255717256
0.61458,1.1287,2.93321205821206
0.61445,1.2897,3.35161122661123
0.61368,1.1931,3.10057172557173
0.61213,1.483,3.8539501039501
0.61181,1.773,4.60758835758836
0.61026,0.87092,2.26330561330561
0.60968,2.0952,5.44490644490645
0.60846,0.67762,1.76096673596674
0.6073,0.99979,2.59820686070686
0.60659,1.2897,3.35161122661123
0.6064,1.1287,2.93321205821206
0.60466,0.90314,2.34703742203742
0.60453,1.4508,3.77027027027027
0.60311,0.90314,2.34703742203742
0.60234,0.74205,1.92840436590437
0.6006,0.38766,1.00743243243243
0.60073,1.322,3.43555093555094
0.59937,0.96757,2.51447505197505
0.59841,0.93535,2.43074324324324
0.59705,0.8387,2.1795738045738
0.59647,0.25879,0.672531185031185
0.59622,1.6763,4.35628898128898
0.59505,1.1609,3.01689189189189
0.59467,1.1931,3.10057172557173
0.59319,1.6119,4.18892931392931
0.59241,1.0642,2.76559251559252
0.59125,1.1931,3.10057172557173
0.59003,1.2253,3.18425155925156
0.58951,0.93535,2.43074324324324
0.58816,1.2253,3.18425155925156
0.58687,0.41988,1.09116424116424
0.58687,1.2897,3.35161122661123
0.58577,0.87092,2.26330561330561
0.58461,0.99979,2.59820686070686
0.58345,0.93535,2.43074324324324
0.58275,0.8387,2.1795738045738
0.5821,1.1287,2.93321205821206
0.58055,1.032,2.68191268191268
0.57997,0.77427,2.01213617463617
0.57965,1.322,3.43555093555094
0.57888,1.4186,3.68659043659044
0.57798,1.0964,2.84927234927235
0.57637,0.77427,2.01213617463617
0.5754,1.1287,2.93321205821206
0.5743,0.77427,2.01213617463617
0.57301,0.90314,2.34703742203742
0.57237,1.3542,3.51923076923077
0.57205,1.5797,4.10524948024948
0.57031,0.54875,1.42606548856549
0.56883,0.74205,1.92840436590437
0.56908,0.70983,1.84467255717256
0.56818,1.6119,4.18892931392931
0.56799,1.3864,3.6029106029106
0.56522,0.61318,1.59350311850312
0.56509,1.4508,3.77027027027027
0.56496,1.1287,2.93321205821206
0.56315,0.0010563,0.00274506237006237
0.56315,1.032,2.68191268191268
0.56122,0.87092,2.26330561330561
0.5598,0.77427,2.01213617463617
0.55929,0.74205,1.92840436590437
0.55864,0.61318,1.59350311850312
0.55793,1.4508,3.77027027027027
0.55735,1.5153,3.93788981288981
0.55549,0.93535,2.43074324324324
0.55542,1.1287,2.93321205821206
0.55349,0.96757,2.51447505197505
0.55297,0.51653,1.34233367983368
0.55252,0.90314,2.34703742203742
0.55104,0.77427,2.01213617463617
0.55123,1.1609,3.01689189189189
0.5493,0.35544,0.923700623700624
0.54885,0.67762,1.76096673596674
0.54801,0.80648,2.095841995842
0.54653,0.16214,0.421361746361746
0.54666,0.90314,2.34703742203742
0.54588,1.322,3.43555093555094
0.54466,0.8387,2.1795738045738
0.54395,0.67762,1.76096673596674
0.5426,1.2897,3.35161122661123
0.54195,1.7086,4.44022869022869
0.54041,0.80648,2.095841995842
0.53963,1.4508,3.77027027027027
0.54137,1.032,2.68191268191268
0.53751,0.74205,1.92840436590437
0.5366,1.1931,3.10057172557173
0.53583,0.48431,1.25860187110187
0.53512,0.16214,0.421361746361746
0.53415,1.2897,3.35161122661123
0.53248,-0.063378,-0.164703742203742
0.53261,1.5475,4.02156964656965
0.531,1.1287,2.93321205821206
0.52971,0.70983,1.84467255717256
0.52971,0.8387,2.1795738045738
0.52835,-0.063378,-0.164703742203742
0.52745,0.4521,1.17489604989605
0.52655,0.87092,2.26330561330561
0.52655,0.32323,0.839994802494803
0.52526,-0.031161,-0.0809797297297297
0.52391,1.4508,3.77027027027027
0.52326,1.1609,3.01689189189189
0.52236,0.90314,2.34703742203742
0.52114,0.12992,0.337629937629938
0.5203,0.77427,2.01213617463617
0.5192,0.80648,2.095841995842
0.51804,0.097708,0.253918918918919
0.51733,0.8387,2.1795738045738
0.51688,0.70983,1.84467255717256
0.51579,1.4186,3.68659043659044
0.51495,0.25879,0.672531185031185
0.51353,0.77427,2.01213617463617
0.5136,1.2253,3.18425155925156
0.51173,1.483,3.8539501039501
0.51128,1.322,3.43555093555094
0.51057,0.48431,1.25860187110187
0.50851,0.12992,0.337629937629938
0.50825,0.70983,1.84467255717256
0.50715,0.61318,1.59350311850312
0.50638,0.41988,1.09116424116424
0.50606,0.6454,1.67723492723493
0.50425,0.67762,1.76096673596674
0.50419,2.0307,5.2772869022869
0.50277,0.097708,0.253918918918919
0.50161,0.097708,0.253918918918919
0.50148,0.96757,2.51447505197505
0.49968,0.6454,1.67723492723493
0.49948,0.54875,1.42606548856549
0.49774,-0.063378,-0.164703742203742
0.49626,0.41988,1.09116424116424
0.49652,0.70983,1.84467255717256
0.49478,-0.095595,-0.248427754677755
0.49465,0.6454,1.67723492723493
0.49336,-0.35333,-0.918217255717256
0.49214,0.58096,1.50977130977131
0.49188,0.12992,0.337629937629938
0.49085,-0.16003,-0.415878378378378
0.49007,0.70983,1.84467255717256
0.48898,0.29101,0.756262993762994
0.48853,-0.031161,-0.0809797297297297
0.48679,0.22658,0.588825363825364
0.48595,0.0010563,0.00274506237006237
0.4855,0.4521,1.17489604989605
0.48473,0.58096,1.50977130977131
0.48324,-0.063378,-0.164703742203742
0.48228,0.80648,2.095841995842
0.48144,0.58096,1.50977130977131
0.48041,1.2253,3.18425155925156
0.48041,0.70983,1.84467255717256
0.47796,0.67762,1.76096673596674
0.47867,0.48431,1.25860187110187
0.47654,-0.32111,-0.834485446985447
0.4757,0.6454,1.67723492723493
0.47551,0.32323,0.839994802494803
0.47422,0.0010563,0.00274506237006237
0.47332,0.0010563,0.00274506237006237
0.47222,0.22658,0.588825363825364
0.47164,0.77427,2.01213617463617
0.47061,-0.38555,-1.00194906444906
0.46868,-0.12781,-0.33214656964657
0.46887,-0.063378,-0.164703742203742
0.46952,0.93535,2.43074324324324
0.46726,0.29101,0.756262993762994
0.46655,0.93535,2.43074324324324
0.46533,0.74205,1.92840436590437
0.46365,0.41988,1.09116424116424
0.46307,0.54875,1.42606548856549
0.46185,0.38766,1.00743243243243
0.46204,0.80648,2.095841995842
0.45966,0.32323,0.839994802494803
0.45933,0.19436,0.505093555093555
0.45837,-0.16003,-0.415878378378378
0.45772,-0.25668,-0.667047817047817
0.45695,-0.095595,-0.248427754677755
0.45605,0.25879,0.672531185031185
0.45437,-0.22446,-0.583316008316008
0.45444,0.54875,1.42606548856549
0.45289,0.29101,0.756262993762994
0.45289,0.35544,0.923700623700624
0.45134,0.19436,0.505093555093555
0.45063,0.12992,0.337629937629938
0.44973,0.74205,1.92840436590437
0.44922,0.4521,1.17489604989605
0.4478,0.77427,2.01213617463617
0.44619,-0.64329,-1.67175155925156
0.44612,0.6454,1.67723492723493
0.4449,0.77427,2.01213617463617
0.44361,-0.063378,-0.164703742203742
0.44335,-0.095595,-0.248427754677755
0.44193,0.065491,0.170194906444906
0.4409,-0.44998,-1.16938669438669
0.44045,0.4521,1.17489604989605
0.43826,-0.51442,-1.33685031185031
0.438,-0.41777,-1.08568087318087
0.43749,0.12992,0.337629937629938
0.43639,-1.5454,-4.01611226611227
0.43575,0.87092,2.26330561330561
0.4351,0.0010563,0.00274506237006237
0.43433,0.61318,1.59350311850312
0.43298,0.70983,1.84467255717256
0.43143,0.12992,0.337629937629938
0.43136,0.99979,2.59820686070686
0.43053,-0.063378,-0.164703742203742
0.4295,-1.1588,-3.01143451143451
0.42782,-0.063378,-0.164703742203742
0.42756,0.54875,1.42606548856549
0.42589,0.32323,0.839994802494803
0.42511,-0.44998,-1.16938669438669
0.42447,0.41988,1.09116424116424
0.42344,0.033273,0.0864682952182952
0.42254,-0.4822,-1.2531185031185
0.42183,0.51653,1.34233367983368
0.42105,0.35544,0.923700623700624
0.41976,-0.063378,-0.164703742203742
0.41854,-0.031161,-0.0809797297297297
0.4179,-0.25668,-0.667047817047817
0.41738,0.38766,1.00743243243243
0.4159,-0.16003,-0.415878378378378
0.4159,0.065491,0.170194906444906
0.41512,0.8387,2.1795738045738
0.41313,0.12992,0.337629937629938
0.41274,0.097708,0.253918918918919
0.41222,0.4521,1.17489604989605
0.41081,0.12992,0.337629937629938
0.40939,0.12992,0.337629937629938
0.40952,0.16214,0.421361746361746
0.40823,0.70983,1.84467255717256
0.40668,-0.2889,-0.750779625779626
0.40572,-0.70772,-1.83918918918919
0.40539,-0.12781,-0.33214656964657
0.40449,0.61318,1.59350311850312
0.40294,-0.35333,-0.918217255717256
0.40243,0.19436,0.505093555093555
0.4014,0.12992,0.337629937629938
0.40114,0.54875,1.42606548856549
0.39959,0.0010563,0.00274506237006237
0.39818,0.25879,0.672531185031185
0.39785,0.74205,1.92840436590437
0.39734,0.16214,0.421361746361746
0.39598,0.16214,0.421361746361746
0.3945,-0.22446,-0.583316008316008
0.39379,-0.19225,-0.499610187110187
0.39289,0.35544,0.923700623700624
0.39244,-2.2219,-5.7741683991684
0.39141,0.097708,0.253918918918919
0.39038,0.29101,0.756262993762994
0.38954,0.033273,0.0864682952182952
0.38896,0.32323,0.839994802494803
0.3878,-0.83659,-2.17409043659044
0.38709,0.29101,0.756262993762994
0.38574,0.22658,0.588825363825364
0.38477,-0.2889,-0.750779625779626
0.38406,0.097708,0.253918918918919
0.38297,-0.22446,-0.583316008316008
0.38232,-0.16003,-0.415878378378378
0.38136,0.51653,1.34233367983368
0.3802,-0.25668,-0.667047817047817
0.37974,0.25879,0.672531185031185
0.37891,0.19436,0.505093555093555
0.3782,0.12992,0.337629937629938
0.37723,0.58096,1.50977130977131
0.37614,-0.4822,-1.2531185031185
0.37498,-0.38555,-1.00194906444906
0.37362,0.097708,0.253918918918919
0.37253,0.32323,0.839994802494803
0.37233,0.41988,1.09116424116424
0.37053,-0.2889,-0.750779625779626
0.37046,0.74205,1.92840436590437
0.36872,0.097708,0.253918918918919
0.36885,0.77427,2.01213617463617
0.36737,0.38766,1.00743243243243
0.36602,0.51653,1.34233367983368
0.36557,0.38766,1.00743243243243
0.36486,0.29101,0.756262993762994
0.36318,-0.095595,-0.248427754677755
0.36267,0.097708,0.253918918918919
0.36189,0.35544,0.923700623700624
0.36138,0.065491,0.170194906444906
0.36002,-0.35333,-0.918217255717256
0.35944,0.54875,1.42606548856549
0.3579,0.033273,0.0864682952182952
0.35712,0.41988,1.09116424116424
0.35674,1.3542,3.51923076923077
0.355,-0.25668,-0.667047817047817
0.35442,0.38766,1.00743243243243
0.35352,0.41988,1.09116424116424
0.35248,-0.70772,-1.83918918918919
0.35171,-0.54663,-1.42055613305613
0.35074,0.32323,0.839994802494803
0.34997,0.097708,0.253918918918919
0.34875,0.22658,0.588825363825364
0.34662,-0.063378,-0.164703742203742
0.34714,-0.38555,-1.00194906444906
0.34565,-0.031161,-0.0809797297297297
0.34546,-0.57885,-1.50428794178794
0.34449,-0.095595,-0.248427754677755
0.34327,-0.25668,-0.667047817047817
0.34211,-0.22446,-0.583316008316008
0.34114,-0.41777,-1.08568087318087
0.34121,-0.38555,-1.00194906444906
0.33908,0.58096,1.50977130977131
0.33818,-1.1265,-2.9274948024948
0.33876,0.16214,0.421361746361746
0.33786,-0.35333,-0.918217255717256
0.33618,0.033273,0.0864682952182952
0.33579,0.58096,1.50977130977131
0.33386,-1.0621,-2.76013513513514
0.33347,-0.095595,-0.248427754677755
0.33251,0.22658,0.588825363825364
0.33057,-0.25668,-0.667047817047817
0.3307,0.35544,0.923700623700624
0.33006,0.12992,0.337629937629938
0.32948,0.70983,1.84467255717256
0.32812,0.25879,0.672531185031185
0.32626,-0.095595,-0.248427754677755
0.32664,0.38766,1.00743243243243
0.32522,0.065491,0.170194906444906
0.32464,-0.031161,-0.0809797297297297
0.32297,-0.90102,-2.34152806652807
0.32123,-0.35333,-0.918217255717256
0.32149,0.41988,1.09116424116424
0.32,-0.80437,-2.09035862785863
0.31975,0.38766,1.00743243243243
0.31884,-0.19225,-0.499610187110187
0.31685,0.033273,0.0864682952182952
0.31691,0.61318,1.59350311850312
0.31524,-0.51442,-1.33685031185031
0.31504,-0.12781,-0.33214656964657
0.31491,-0.38555,-1.00194906444906
0.31298,0.16214,0.421361746361746
0.31227,-0.25668,-0.667047817047817
0.31118,0.097708,0.253918918918919
0.31021,-0.095595,-0.248427754677755
0.30937,-0.2889,-0.750779625779626
0.30789,0.19436,0.505093555093555
0.3075,-0.32111,-0.834485446985447
0.30621,-0.54663,-1.42055613305613
0.3057,-0.095595,-0.248427754677755
0.3046,0.16214,0.421361746361746
0.30312,-0.25668,-0.667047817047817
0.30331,0.16214,0.421361746361746
0.30241,-0.063378,-0.164703742203742
0.3017,0.033273,0.0864682952182952
0.30093,-0.41777,-1.08568087318087
0.2988,-1.3521,-3.51377338877339
0.2979,0.29101,0.756262993762994
0.29738,0.32323,0.839994802494803
0.29693,-0.83659,-2.17409043659044
0.29577,-0.25668,-0.667047817047817
0.2939,-0.96546,-2.50899168399168
0.29378,-0.57885,-1.50428794178794
0.29281,0.16214,0.421361746361746
0.29204,-0.32111,-0.834485446985447
0.29094,0.4521,1.17489604989605
0.28959,0.99979,2.59820686070686
0.28875,-0.22446,-0.583316008316008
0.28843,0.12992,0.337629937629938
0.2872,-0.12781,-0.33214656964657
0.28636,-0.063378,-0.164703742203742
0.28501,-0.16003,-0.415878378378378
0.28501,0.22658,0.588825363825364
0.28398,0.77427,2.01213617463617
0.28353,0.0010563,0.00274506237006237
0.28185,-0.57885,-1.50428794178794
0.28076,-0.4822,-1.2531185031185
0.27921,0.22658,0.588825363825364
0.27934,-0.12781,-0.33214656964657
0.27799,0.033273,0.0864682952182952
0.27734,0.38766,1.00743243243243
0.27638,0.19436,0.505093555093555
0.27528,0.38766,1.00743243243243
0.27502,0.0010563,0.00274506237006237
0.27277,-0.25668,-0.667047817047817
0.27296,0.19436,0.505093555093555
0.27206,0.70983,1.84467255717256
0.27096,0.19436,0.505093555093555
0.26948,-0.44998,-1.16938669438669
0.26819,-0.35333,-0.918217255717256
0.26774,-0.063378,-0.164703742203742
0.26677,-0.32111,-0.834485446985447
0.26613,0.0010563,0.00274506237006237
0.26497,-0.38555,-1.00194906444906
0.26413,0.12992,0.337629937629938
0.26362,0.25879,0.672531185031185
0.26188,-0.4822,-1.2531185031185
0.2611,-0.22446,-0.583316008316008
0.26014,-0.54663,-1.42055613305613
0.2593,-0.61107,-1.58801975051975
0.25827,-0.70772,-1.83918918918919
0.25756,-0.38555,-1.00194906444906
0.25678,0.12992,0.337629937629938
0.25582,0.065491,0.170194906444906
0.25453,-0.44998,-1.16938669438669
0.25401,-0.16003,-0.415878378378378
0.2535,0.25879,0.672531185031185
0.25156,-0.57885,-1.50428794178794
0.25008,0.22658,0.588825363825364
0.24976,-0.38555,-1.00194906444906
0.24912,-0.57885,-1.50428794178794
0.24912,-0.22446,-0.583316008316008
0.24789,0.16214,0.421361746361746
0.24731,-0.12781,-0.33214656964657
0.2457,-0.095595,-0.248427754677755
0.24531,0.19436,0.505093555093555
0.24428,-0.44998,-1.16938669438669
0.24357,1.1609,3.01689189189189
0.2419,-0.4822,-1.2531185031185
0.24087,0.25879,0.672531185031185
0.24022,-0.063378,-0.164703742203742
0.239,-0.12781,-0.33214656964657
0.23797,-0.22446,-0.583316008316008
0.23835,0.51653,1.34233367983368
0.2361,0.22658,0.588825363825364
0.23545,0.097708,0.253918918918919
0.2341,-0.80437,-2.09035862785863
0.23416,0.16214,0.421361746361746
0.23255,0.32323,0.839994802494803
0.23146,-0.38555,-1.00194906444906
0.23178,0.097708,0.253918918918919
0.23055,0.097708,0.253918918918919
0.22856,-0.90102,-2.34152806652807
0.22733,-0.73994,-1.922920997921
0.2274,-0.57885,-1.50428794178794
0.22656,0.16214,0.421361746361746
0.22533,-0.41777,-1.08568087318087
0.22443,-0.4822,-1.2531185031185
0.22385,-0.22446,-0.583316008316008
0.22366,-0.6755,-1.75545738045738
0.22243,-0.16003,-0.415878378378378
0.22127,-0.12781,-0.33214656964657
0.22044,0.12992,0.337629937629938
0.21902,-0.095595,-0.248427754677755
0.21863,0.033273,0.0864682952182952
0.21767,-0.41777,-1.08568087318087
0.21612,-0.031161,-0.0809797297297297
0.21547,0.19436,0.505093555093555
0.21502,0.93535,2.43074324324324
0.21322,-1.1265,-2.9274948024948
0.21283,-0.25668,-0.667047817047817
0.21199,-0.35333,-0.918217255717256
0.21051,-0.25668,-0.667047817047817
0.20993,0.065491,0.170194906444906
0.20942,0.097708,0.253918918918919
0.20787,-0.6755,-1.75545738045738
0.20768,0.25879,0.672531185031185
0.206,-0.80437,-2.09035862785863
0.20529,-0.19225,-0.499610187110187
0.20413,-1.6742,-4.3508316008316
0.2031,-0.61107,-1.58801975051975
0.20271,0.32323,0.839994802494803
0.20188,-0.73994,-1.922920997921
0.20143,-0.64329,-1.67175155925156
0.1982,-0.61107,-1.58801975051975
0.1984,-0.41777,-1.08568087318087
0.19769,0.38766,1.00743243243243
0.19633,-0.51442,-1.33685031185031
0.1964,-0.19225,-0.499610187110187
0.19453,0.097708,0.253918918918919
0.19356,-0.80437,-2.09035862785863
0.19285,-0.64329,-1.67175155925156
0.19227,-0.031161,-0.0809797297297297
0.19157,0.16214,0.421361746361746
0.19066,-0.22446,-0.583316008316008
0.18957,-0.44998,-1.16938669438669
0.18867,0.0010563,0.00274506237006237
0.1877,-0.063378,-0.164703742203742
0.18686,-0.51442,-1.33685031185031
0.18686,-0.51442,-1.33685031185031
0.18544,-0.095595,-0.248427754677755
0.18499,0.16214,0.421361746361746
0.18312,-0.32111,-0.834485446985447
0.18345,0.54875,1.42606548856549
0.18254,-1.0299,-2.6764553014553
0.18048,0.065491,0.170194906444906
0.18029,0.065491,0.170194906444906
0.1779,-0.77215,-2.00662681912682
0.1779,0.065491,0.170194906444906
0.17636,-0.38555,-1.00194906444906
0.17558,0.033273,0.0864682952182952
0.17475,-0.70772,-1.83918918918919
0.17307,-0.32111,-0.834485446985447
0.17262,-0.12781,-0.33214656964657
0.17249,0.32323,0.839994802494803
0.17101,0.033273,0.0864682952182952
0.17043,0.19436,0.505093555093555
0.16914,-0.22446,-0.583316008316008
0.16824,0.12992,0.337629937629938
0.16746,0.25879,0.672531185031185
0.16617,-0.35333,-0.918217255717256
0.16598,0.065491,0.170194906444906
0.16463,0.065491,0.170194906444906
0.16469,0.35544,0.923700623700624
0.16218,-0.83659,-2.17409043659044
0.16192,-0.51442,-1.33685031185031
0.16121,0.033273,0.0864682952182952
0.16044,0.19436,0.505093555093555
0.15934,0.065491,0.170194906444906
0.1578,-0.35333,-0.918217255717256
0.15754,-0.19225,-0.499610187110187
0.15696,0.22658,0.588825363825364
0.15561,-0.22446,-0.583316008316008
0.15548,0.0010563,0.00274506237006237
0.15393,0.16214,0.421361746361746
0.15225,0.0010563,0.00274506237006237
0.15225,-0.38555,-1.00194906444906
0.15045,-0.90102,-2.34152806652807
0.15039,-0.41777,-1.08568087318087
0.14858,-0.25668,-0.667047817047817
0.148,-0.51442,-1.33685031185031
0.14749,-0.61107,-1.58801975051975
0.14581,-0.063378,-0.164703742203742
0.14497,0.12992,0.337629937629938
0.14439,-0.22446,-0.583316008316008
0.14381,-0.6755,-1.75545738045738
0.14297,-0.19225,-0.499610187110187
0.14181,-0.73994,-1.922920997921
0.14085,-0.51442,-1.33685031185031
0.14007,-0.38555,-1.00194906444906
0.13924,0.16214,0.421361746361746
0.13821,0.033273,0.0864682952182952
0.13711,-0.51442,-1.33685031185031
0.13672,0.097708,0.253918918918919
0.13524,-0.095595,-0.248427754677755
0.1346,0.097708,0.253918918918919
0.13318,-0.25668,-0.667047817047817
0.13234,0.12992,0.337629937629938
0.13137,-0.25668,-0.667047817047817
0.13067,-0.61107,-1.58801975051975
0.13002,-0.031161,-0.0809797297297297
0.12938,0.0010563,0.00274506237006237
0.12796,-0.83659,-2.17409043659044
0.12841,0.065491,0.170194906444906
0.12615,-0.031161,-0.0809797297297297
0.12474,-0.063378,-0.164703742203742
0.12422,-0.38555,-1.00194906444906
0.12325,-0.70772,-1.83918918918919
0.12177,0.097708,0.253918918918919
0.12087,-0.19225,-0.499610187110187
0.121,-0.44998,-1.16938669438669
0.12035,0.29101,0.756262993762994
0.1181,-0.35333,-0.918217255717256
0.11778,-0.77215,-2.00662681912682
0.11726,-0.86881,-2.25782224532225
0.11533,-0.57885,-1.50428794178794
0.11468,-0.2889,-0.750779625779626
0.11423,-0.70772,-1.83918918918919
0.11365,-0.16003,-0.415878378378378
0.1123,0.19436,0.505093555093555
0.11172,0.0010563,0.00274506237006237
0.11088,-0.12781,-0.33214656964657
0.10921,0.25879,0.672531185031185
0.1085,-0.61107,-1.58801975051975
0.10759,-0.77215,-2.00662681912682
0.1074,-0.22446,-0.583316008316008
0.10566,-0.25668,-0.667047817047817
0.10411,-0.4822,-1.2531185031185
0.10444,0.097708,0.253918918918919
0.10334,-0.99767,-2.59269750519751
0.10186,-0.41777,-1.08568087318087
0.10173,0.38766,1.00743243243243
0.10102,-0.031161,-0.0809797297297297
0.10012,-0.12781,-0.33214656964657
0.097992,-0.44998,-1.16938669438669
0.097605,0.097708,0.253918918918919
0.097219,0.16214,0.421361746361746
0.095543,-0.57885,-1.50428794178794
0.094577,-0.57885,-1.50428794178794
0.093868,-0.61107,-1.58801975051975
0.092772,-0.35333,-0.918217255717256
0.092192,-0.32111,-0.834485446985447
0.090259,-0.77215,-2.00662681912682
0.090774,0.22658,0.588825363825364
0.089099,-0.095595,-0.248427754677755
0.088519,0.74205,1.92840436590437
0.087359,-0.4822,-1.2531185031185
0.086134,-0.61107,-1.58801975051975
0.085103,0.033273,0.0864682952182952
0.084652,-0.4822,-1.2531185031185
0.08317,-0.4822,-1.2531185031185
0.083105,-0.25668,-0.667047817047817
0.082525,-0.35333,-0.918217255717256
0.080528,-0.031161,-0.0809797297297297
0.079948,-0.32111,-0.834485446985447
0.079045,-0.44998,-1.16938669438669
0.078401,-0.35333,-0.918217255717256
0.07679,-0.93324,-2.42525987525988
0.077177,0.19436,0.505093555093555
0.074792,-0.4822,-1.2531185031185
0.074405,-0.64329,-1.67175155925156
0.074212,-0.25668,-0.667047817047817
